Series Name;Series Code;Country Name;Country Code;2018 [YR2018];2019 [YR2019]
PIB (US$ a precios actuales);NY.GDP.MKTP.CD;El mundo árabe;ARB;2,77138E+12;2,81741E+12
PIB (US$ a precios actuales);NY.GDP.MKTP.CD;Estados pequeos del Caribe;CSS;74967267520;77721714918
PIB (US$ a precios actuales);NY.GDP.MKTP.CD;Europa Central y del Báltico;CEB;1,64444E+12;1,66885E+12
PIB (US$ a precios actuales);NY.GDP.MKTP.CD;inicial del dividendo demográfico;EAR;1,1646E+13;1,19899E+13
PIB (US$ a precios actuales);NY.GDP.MKTP.CD;Asia oriental y el Pacífico;EAS;2,63513E+13;2,69247E+13
PIB (US$ a precios actuales);NY.GDP.MKTP.CD;Asia oriental y el Pacífico (excluido altos ingresos);EAP;1,65941E+13;1,71517E+13
PIB (US$ a precios actuales);NY.GDP.MKTP.CD;Asia oriental y el Pacífico (BIRF y la AIF);TEA;1,65625E+13;1,71189E+13
PIB (US$ a precios actuales);NY.GDP.MKTP.CD;Zona del Euro;EMU;1,36869E+13;1,33561E+13
PIB (US$ a precios actuales);NY.GDP.MKTP.CD;Europa y Asia central;ECS;2,31457E+13;2,27928E+13
PIB (US$ a precios actuales);NY.GDP.MKTP.CD;Europa y Asia central (excluido altos ingresos);ECA;3,19214E+12;3,24846E+12
PIB (US$ a precios actuales);NY.GDP.MKTP.CD;Europa y Asia central (BIRF y la AIF);TEC;4,08239E+12;4,15516E+12
PIB (US$ a precios actuales);NY.GDP.MKTP.CD;Unión Europea;EUU;1,5965E+13;1,56264E+13
PIB (US$ a precios actuales);NY.GDP.MKTP.CD;Frágiles y situaciones de conflicto afectados;FCS;1,69825E+12;1,77846E+12
PIB (US$ a precios actuales);NY.GDP.MKTP.CD;Países pobres muy endeudados (PPME);HPC;7,59124E+11;7,83062E+11
PIB (US$ a precios actuales);NY.GDP.MKTP.CD;Ingreso alto;HIC;5,46569E+13;5,51406E+13
PIB (US$ a precios actuales);NY.GDP.MKTP.CD;Sólo BIRF;IBD;3,08077E+13;3,1539E+13
PIB (US$ a precios actuales);NY.GDP.MKTP.CD;BIRF y la AIF;IBT;3,30323E+13;3,3852E+13
PIB (US$ a precios actuales);NY.GDP.MKTP.CD;mezcla de la AIF;IDB;9,64268E+11;9,91548E+11
PIB (US$ a precios actuales);NY.GDP.MKTP.CD;Sólo AIF;IDX;1,26882E+12;1,33197E+12
PIB (US$ a precios actuales);NY.GDP.MKTP.CD;total de la AIF;IDA;2,2311E+12;2,32031E+12
PIB (US$ a precios actuales);NY.GDP.MKTP.CD;avanzada del dividendo demográfico;LTE;2,25088E+13;2,29204E+13
PIB (US$ a precios actuales);NY.GDP.MKTP.CD;América Latina y el Caribe;LCN;5,82356E+12;5,73377E+12
PIB (US$ a precios actuales);NY.GDP.MKTP.CD;América Latina y el Caribe (excluido altos ingresos);LAC;5,22607E+12;5,1496E+12
PIB (US$ a precios actuales);NY.GDP.MKTP.CD;América Latina y el Caribe (BIRF y la AIF);TLA;5,58121E+12;5,48796E+12
PIB (US$ a precios actuales);NY.GDP.MKTP.CD;Países menos desarrollados: clasificación de las Naciones Unidas;LDC;1,07344E+12;1,11524E+12
PIB (US$ a precios actuales);NY.GDP.MKTP.CD;Ingreso mediano y bajo;LMY;3,1818E+13;3,26435E+13
PIB (US$ a precios actuales);NY.GDP.MKTP.CD;Países de ingreso bajo;LIC;5,18429E+11;5,41512E+11
PIB (US$ a precios actuales);NY.GDP.MKTP.CD;Países de ingreso mediano bajo;LMC;6,00731E+12;6,33493E+12
PIB (US$ a precios actuales);NY.GDP.MKTP.CD;Oriente Medio y Norte de África;MEA;3,56614E+12;3,64961E+12
PIB (US$ a precios actuales);NY.GDP.MKTP.CD;Oriente Medio y Norte de África (excluido altos ingresos);MNA;1,52042E+12;..
PIB (US$ a precios actuales);NY.GDP.MKTP.CD;Oriente Medio y Norte de África (BIRF y la AIF);TMN;1,50387E+12;..
PIB (US$ a precios actuales);NY.GDP.MKTP.CD; Ingreso mediano;MIC;3,1284E+13;3,20879E+13
PIB (US$ a precios actuales);NY.GDP.MKTP.CD;América del Norte;NAC;2,23036E+13;2,31771E+13
PIB (US$ a precios actuales);NY.GDP.MKTP.CD;No clasificado;INX;..;..
PIB (US$ a precios actuales);NY.GDP.MKTP.CD;Miembros OCDE;OED;5,32016E+13;5,36994E+13
PIB (US$ a precios actuales);NY.GDP.MKTP.CD;Otros Estados pequeos;OSS;4,42418E+11;4,32093E+11
PIB (US$ a precios actuales);NY.GDP.MKTP.CD;Estados pequeos de las Islas del Pacfico;PSS;10667782838;10634784073
PIB (US$ a precios actuales);NY.GDP.MKTP.CD;posterior al dividendo demográfico;PST;5,02821E+13;5,07699E+13
PIB (US$ a precios actuales);NY.GDP.MKTP.CD;previa al dividendo demográfico;PRE;1,33875E+12;1,40379E+12
PIB (US$ a precios actuales);NY.GDP.MKTP.CD;Pequeños Estados;SST;5,28053E+11;5,20457E+11
PIB (US$ a precios actuales);NY.GDP.MKTP.CD;Asia meridional;SAS;3,44547E+12;3,59184E+12
PIB (US$ a precios actuales);NY.GDP.MKTP.CD;Asia meridional (BIRF y la AIF);TSA;3,44547E+12;3,59184E+12
PIB (US$ a precios actuales);NY.GDP.MKTP.CD;África al sur del Sahara;SSF;1,72116E+12;1,76694E+12
PIB (US$ a precios actuales);NY.GDP.MKTP.CD;África al sur del Sahara (excluido altos ingresos);SSA;1,70538E+12;1,75118E+12
PIB (US$ a precios actuales);NY.GDP.MKTP.CD;África al sur del Sahara (BIRF y la AIF);TSS;1,72116E+12;1,76694E+12
PIB (US$ a precios actuales);NY.GDP.MKTP.CD;Ingreso mediano alto;UMC;2,52733E+13;2,57418E+13
PIB (US$ a precios actuales);NY.GDP.MKTP.CD;Mundo;WLD;8,64394E+13;8,77346E+13
PIB (US$ a precios actuales);NY.GDP.MKTP.CD;Afganistán;AFG;18353881130;19291104008
PIB (US$ a precios actuales);NY.GDP.MKTP.CD;Albania;ALB;15147020535;15279183290
PIB (US$ a precios actuales);NY.GDP.MKTP.CD;Argelia;DZA;1,75406E+11;1,71091E+11
PIB (US$ a precios actuales);NY.GDP.MKTP.CD;Samoa Americana;ASM;636000000;..
PIB (US$ a precios actuales);NY.GDP.MKTP.CD;Andorra;AND;3218316013;3154057987
PIB (US$ a precios actuales);NY.GDP.MKTP.CD;Angola;AGO;1,01353E+11;88815697793
PIB (US$ a precios actuales);NY.GDP.MKTP.CD;Antigua y Barbuda;ATG;1605351852;1661962963
PIB (US$ a precios actuales);NY.GDP.MKTP.CD;Argentina;ARG;5,17627E+11;4,45445E+11
PIB (US$ a precios actuales);NY.GDP.MKTP.CD;Armenia;ARM;12457941907;13672802158
PIB (US$ a precios actuales);NY.GDP.MKTP.CD;Aruba;ABW;..;..
PIB (US$ a precios actuales);NY.GDP.MKTP.CD;Australia;AUS;1,43288E+12;1,39657E+12
PIB (US$ a precios actuales);NY.GDP.MKTP.CD;Austria;AUT;4,55095E+11;4,45075E+11
PIB (US$ a precios actuales);NY.GDP.MKTP.CD;Azerbaiyán;AZE;47112941176;48047647059
PIB (US$ a precios actuales);NY.GDP.MKTP.CD;Bahamas;BHS;13022100000;13578800000
PIB (US$ a precios actuales);NY.GDP.MKTP.CD;Bahrein;BHR;37652500000;38574069149
PIB (US$ a precios actuales);NY.GDP.MKTP.CD;Bangladesh;BGD;2,74039E+11;3,02571E+11
PIB (US$ a precios actuales);NY.GDP.MKTP.CD;Barbados;BRB;5086500000;5209000000
PIB (US$ a precios actuales);NY.GDP.MKTP.CD;Belarús;BLR;60031262269;63080457023
PIB (US$ a precios actuales);NY.GDP.MKTP.CD;Bélgica;BEL;5,43734E+11;5,33097E+11
PIB (US$ a precios actuales);NY.GDP.MKTP.CD;Belice;BLZ;1871200000;1879613600
PIB (US$ a precios actuales);NY.GDP.MKTP.CD;Benin;BEN;14250985959;14390709095
PIB (US$ a precios actuales);NY.GDP.MKTP.CD;Bermudas;BMU;7224329000;7484113000
PIB (US$ a precios actuales);NY.GDP.MKTP.CD;Bhután;BTN;2446866405;2530547158
PIB (US$ a precios actuales);NY.GDP.MKTP.CD;Bolivia;BOL;40287647930;40895322844
PIB (US$ a precios actuales);NY.GDP.MKTP.CD;Bosnia y Herzegovina;BIH;20183510561;20164193807
PIB (US$ a precios actuales);NY.GDP.MKTP.CD;Botswana;BWA;18663265549;18340480936
PIB (US$ a precios actuales);NY.GDP.MKTP.CD;Brasil;BRA;1,88548E+12;1,83976E+12
PIB (US$ a precios actuales);NY.GDP.MKTP.CD;Islas Vírgenes Británicas;VGB;..;..
PIB (US$ a precios actuales);NY.GDP.MKTP.CD;Brunei Darussalam;BRN;13567351175;13469422959
PIB (US$ a precios actuales);NY.GDP.MKTP.CD;Bulgaria;BGR;66230155100;68558815112
PIB (US$ a precios actuales);NY.GDP.MKTP.CD;Burkina Faso;BFA;16059910871;15990803570
PIB (US$ a precios actuales);NY.GDP.MKTP.CD;Burundi;BDI;3036931818;3012334882
PIB (US$ a precios actuales);NY.GDP.MKTP.CD;Cabo Verde;CPV;1966983317;1981845740
PIB (US$ a precios actuales);NY.GDP.MKTP.CD;Camboya;KHM;24571753583;27089389787
PIB (US$ a precios actuales);NY.GDP.MKTP.CD;Camerún;CMR;38694156863;39007354359
PIB (US$ a precios actuales);NY.GDP.MKTP.CD;Canadá;CAN;1,71626E+12;1,73643E+12
PIB (US$ a precios actuales);NY.GDP.MKTP.CD;Islas Caimán;CYM;5517361238;..
PIB (US$ a precios actuales);NY.GDP.MKTP.CD;República Centroafricana;CAF;2220978978;2220307369
PIB (US$ a precios actuales);NY.GDP.MKTP.CD;Chad;TCD;11239167048;11314951343
PIB (US$ a precios actuales);NY.GDP.MKTP.CD;Islas del Canal;CHI;..;..
PIB (US$ a precios actuales);NY.GDP.MKTP.CD;Chile;CHL;2,98258E+11;2,82318E+11
PIB (US$ a precios actuales);NY.GDP.MKTP.CD;China;CHN;1,38948E+13;1,42799E+13
PIB (US$ a precios actuales);NY.GDP.MKTP.CD;Colombia;COL;3,33569E+11;3,23616E+11
PIB (US$ a precios actuales);NY.GDP.MKTP.CD;Comoras;COM;1178530758;1165839927
PIB (US$ a precios actuales);NY.GDP.MKTP.CD;Congo, República Democrática del;COD;46831342213;50400746171
PIB (US$ a precios actuales);NY.GDP.MKTP.CD;Congo, República del;COG;13518403447;12267392147
PIB (US$ a precios actuales);NY.GDP.MKTP.CD;Costa Rica;CRI;60553901420;61801385049
PIB (US$ a precios actuales);NY.GDP.MKTP.CD;Côte d'Ivoire;CIV;58011466451;58539424930
PIB (US$ a precios actuales);NY.GDP.MKTP.CD;Croacia;HRV;61375222347;60752588976
PIB (US$ a precios actuales);NY.GDP.MKTP.CD;Cuba;CUB;1,00023E+11;..
PIB (US$ a precios actuales);NY.GDP.MKTP.CD;Curacao;CUW;3127908045;3101787709
PIB (US$ a precios actuales);NY.GDP.MKTP.CD;Chipre;CYP;25309818139;24948935408
PIB (US$ a precios actuales);NY.GDP.MKTP.CD;República Checa;CZE;2,48909E+11;2,50681E+11
PIB (US$ a precios actuales);NY.GDP.MKTP.CD;Dinamarca;DNK;3,56879E+11;3,50104E+11
PIB (US$ a precios actuales);NY.GDP.MKTP.CD;Djibouti;DJI;3012820410;3324634256
PIB (US$ a precios actuales);NY.GDP.MKTP.CD;Dominica;DMA;551074074,1;582403703,7
PIB (US$ a precios actuales);NY.GDP.MKTP.CD;República Dominicana;DOM;85555378044;88941299734
PIB (US$ a precios actuales);NY.GDP.MKTP.CD;Ecuador;ECU;1,07562E+11;1,07436E+11
PIB (US$ a precios actuales);NY.GDP.MKTP.CD;Egipto, República Árabe de;EGY;2,49713E+11;3,03092E+11
PIB (US$ a precios actuales);NY.GDP.MKTP.CD;El Salvador;SLV;26117400000;27022640000
PIB (US$ a precios actuales);NY.GDP.MKTP.CD;Guinea Ecuatorial;GNQ;13278488567;11026774945
PIB (US$ a precios actuales);NY.GDP.MKTP.CD;Eritrea;ERI;..;..
PIB (US$ a precios actuales);NY.GDP.MKTP.CD;Estonia;EST;30631142227;31471100656
PIB (US$ a precios actuales);NY.GDP.MKTP.CD;Eswatini;SWZ;4665424249;4471598727
PIB (US$ a precios actuales);NY.GDP.MKTP.CD;Etiopía;ETH;84269348327;95912590628
PIB (US$ a precios actuales);NY.GDP.MKTP.CD;Islas Feroe;FRO;3116887847;..
PIB (US$ a precios actuales);NY.GDP.MKTP.CD;Fiji;FJI;5581393121;5496250694
PIB (US$ a precios actuales);NY.GDP.MKTP.CD;Finlandia;FIN;2,75947E+11;2,69296E+11
PIB (US$ a precios actuales);NY.GDP.MKTP.CD;Francia;FRA;2,78786E+12;2,71552E+12
PIB (US$ a precios actuales);NY.GDP.MKTP.CD;Polinesia Francesa;PYF;..;..
PIB (US$ a precios actuales);NY.GDP.MKTP.CD;Gabón;GAB;16862282414;16874450215
PIB (US$ a precios actuales);NY.GDP.MKTP.CD;Gambia;GMB;1670670669;1826073740
PIB (US$ a precios actuales);NY.GDP.MKTP.CD;Georgia;GEO;17599700091;17477255546
PIB (US$ a precios actuales);NY.GDP.MKTP.CD;Alemania;DEU;3,96377E+12;3,86112E+12
PIB (US$ a precios actuales);NY.GDP.MKTP.CD;Ghana;GHA;65556464048;66983634224
PIB (US$ a precios actuales);NY.GDP.MKTP.CD;Gibraltar;GIB;..;..
PIB (US$ a precios actuales);NY.GDP.MKTP.CD;Grecia;GRC;2,18138E+11;2,09853E+11
PIB (US$ a precios actuales);NY.GDP.MKTP.CD;Groenlandia;GRL;3051626390;..
PIB (US$ a precios actuales);NY.GDP.MKTP.CD;Granada;GRD;1168696296;1210603704
PIB (US$ a precios actuales);NY.GDP.MKTP.CD;Guam;GUM;5920000000;..
PIB (US$ a precios actuales);NY.GDP.MKTP.CD;Guatemala;GTM;73118147941;76710355347
PIB (US$ a precios actuales);NY.GDP.MKTP.CD;Guinea;GIN;10907214994;12296665331
PIB (US$ a precios actuales);NY.GDP.MKTP.CD;Guinea-Bissau;GNB;1458868242;1339449165
PIB (US$ a precios actuales);NY.GDP.MKTP.CD;Guyana;GUY;4787635821;5173759528
PIB (US$ a precios actuales);NY.GDP.MKTP.CD;Haití;HTI;15965670198;14332163266
PIB (US$ a precios actuales);NY.GDP.MKTP.CD;Honduras;HND;24024189736;25095395475
PIB (US$ a precios actuales);NY.GDP.MKTP.CD;Hong Kong, Región Administrativa Especial;HKG;3,61697E+11;3,65712E+11
PIB (US$ a precios actuales);NY.GDP.MKTP.CD;Hungría;HUN;1,60419E+11;1,63469E+11
PIB (US$ a precios actuales);NY.GDP.MKTP.CD;Islandia;ISL;25737594324;24188038474
PIB (US$ a precios actuales);NY.GDP.MKTP.CD;India;IND;2,71317E+12;2,86893E+12
PIB (US$ a precios actuales);NY.GDP.MKTP.CD;Indonesia;IDN;1,04224E+12;1,11919E+12
PIB (US$ a precios actuales);NY.GDP.MKTP.CD;Irán, República Islámica del;IRN;4,53996E+11;..
PIB (US$ a precios actuales);NY.GDP.MKTP.CD;Iraq;IRQ;2,24228E+11;2,34094E+11
PIB (US$ a precios actuales);NY.GDP.MKTP.CD;Irlanda;IRL;3,82674E+11;3,88699E+11
PIB (US$ a precios actuales);NY.GDP.MKTP.CD;Isla de Man;IMN;7491969313;..
PIB (US$ a precios actuales);NY.GDP.MKTP.CD;Israel;ISR;3,70588E+11;3,94652E+11
PIB (US$ a precios actuales);NY.GDP.MKTP.CD;Italia;ITA;2,09154E+12;2,00358E+12
PIB (US$ a precios actuales);NY.GDP.MKTP.CD;Jamaica;JAM;15713908816;16458071068
PIB (US$ a precios actuales);NY.GDP.MKTP.CD;Japón;JPN;4,95481E+12;5,08177E+12
PIB (US$ a precios actuales);NY.GDP.MKTP.CD;Jordania;JOR;42932112676;44502895862
PIB (US$ a precios actuales);NY.GDP.MKTP.CD;Kazajstán;KAZ;1,7934E+11;1,81666E+11
PIB (US$ a precios actuales);NY.GDP.MKTP.CD;Kenya;KEN;87778582964;95503088538
PIB (US$ a precios actuales);NY.GDP.MKTP.CD;Kiribati;KIR;196737896;194647201,9
PIB (US$ a precios actuales);NY.GDP.MKTP.CD;Corea, República Popular Democrática de;PRK;..;..
PIB (US$ a precios actuales);NY.GDP.MKTP.CD;Corea, República de;KOR;1,72485E+12;1,64674E+12
PIB (US$ a precios actuales);NY.GDP.MKTP.CD;Kosovo;XKX;7942961738;7926133714
PIB (US$ a precios actuales);NY.GDP.MKTP.CD;Kuwait;KWT;1,40645E+11;1,34629E+11
PIB (US$ a precios actuales);NY.GDP.MKTP.CD;Kirguistán;KGZ;8271108638;8454619608
PIB (US$ a precios actuales);NY.GDP.MKTP.CD;República Democrática Popular Lao;LAO;17953786416;18173839147
PIB (US$ a precios actuales);NY.GDP.MKTP.CD;Letonia;LVA;34416012859;34102913582
PIB (US$ a precios actuales);NY.GDP.MKTP.CD;Líbano;LBN;54961275742;51991634492
PIB (US$ a precios actuales);NY.GDP.MKTP.CD;Lesotho;LSO;2575892262;2376328637
PIB (US$ a precios actuales);NY.GDP.MKTP.CD;Liberia;LBR;3264000000;3070518100
PIB (US$ a precios actuales);NY.GDP.MKTP.CD;Libia;LBY;52607888718;52091152228
PIB (US$ a precios actuales);NY.GDP.MKTP.CD;Liechtenstein;LIE;6876981286;..
PIB (US$ a precios actuales);NY.GDP.MKTP.CD;Lituania;LTU;53722883091;54627411860
PIB (US$ a precios actuales);NY.GDP.MKTP.CD;Luxemburgo;LUX;70919958016;71104919108
PIB (US$ a precios actuales);NY.GDP.MKTP.CD;Región Administrativa Especial de Macao, China;MAC;55084050790;53859116536
PIB (US$ a precios actuales);NY.GDP.MKTP.CD;Madagascar;MDG;13853433948;14114631281
PIB (US$ a precios actuales);NY.GDP.MKTP.CD;Malawi;MWI;6917301909;7666704427
PIB (US$ a precios actuales);NY.GDP.MKTP.CD;Malasia;MYS;3,58715E+11;3,64681E+11
PIB (US$ a precios actuales);NY.GDP.MKTP.CD;Maldivas;MDV;5299773145;5642179170
PIB (US$ a precios actuales);NY.GDP.MKTP.CD;Malí;MLI;17070758732;17279566719
PIB (US$ a precios actuales);NY.GDP.MKTP.CD;Malta;MLT;14750790658;14989415684
PIB (US$ a precios actuales);NY.GDP.MKTP.CD;Islas Marshall;MHL;221278000;..
PIB (US$ a precios actuales);NY.GDP.MKTP.CD;Mauritania;MRT;7049169771;7600656944
PIB (US$ a precios actuales);NY.GDP.MKTP.CD;Mauricio;MUS;14181951059;14048430519
PIB (US$ a precios actuales);NY.GDP.MKTP.CD;México;MEX;1,22235E+12;1,26887E+12
PIB (US$ a precios actuales);NY.GDP.MKTP.CD;Micronesia (Estados Federados de);FSM;401932300;..
PIB (US$ a precios actuales);NY.GDP.MKTP.CD;República de Moldova;MDA;11456717193;11968713370
PIB (US$ a precios actuales);NY.GDP.MKTP.CD;Mónaco;MCO;7188238073;..
PIB (US$ a precios actuales);NY.GDP.MKTP.CD;Mongolia;MNG;13108769496;13996719329
PIB (US$ a precios actuales);NY.GDP.MKTP.CD;Montenegro;MNE;5504255214;5542577965
PIB (US$ a precios actuales);NY.GDP.MKTP.CD;Marruecos;MAR;1,18096E+11;1,197E+11
PIB (US$ a precios actuales);NY.GDP.MKTP.CD;Mozambique;MOZ;14845870051;15291448212
PIB (US$ a precios actuales);NY.GDP.MKTP.CD;Myanmar;MMR;76168043982;76085852617
PIB (US$ a precios actuales);NY.GDP.MKTP.CD;Namibia;NAM;13454211344;12366528259
PIB (US$ a precios actuales);NY.GDP.MKTP.CD;Nauru;NRU;124021393,7;118223430,1
PIB (US$ a precios actuales);NY.GDP.MKTP.CD;Nepal;NPL;29173513476;30641380604
PIB (US$ a precios actuales);NY.GDP.MKTP.CD;Países Bajos;NLD;9,14043E+11;9,07051E+11
PIB (US$ a precios actuales);NY.GDP.MKTP.CD;Nueva Caledonia;NCL;..;..
PIB (US$ a precios actuales);NY.GDP.MKTP.CD;Nueva Zelandia;NZL;2,07921E+11;2,06929E+11
PIB (US$ a precios actuales);NY.GDP.MKTP.CD;Nicaragua;NIC;13063904770;12520915291
PIB (US$ a precios actuales);NY.GDP.MKTP.CD;Níger;NER;12846952857;12911689659
PIB (US$ a precios actuales);NY.GDP.MKTP.CD;Nigeria;NGA;3,9719E+11;4,4812E+11
PIB (US$ a precios actuales);NY.GDP.MKTP.CD;Macedonia del Norte;MKD;12683073866;12547040499
PIB (US$ a precios actuales);NY.GDP.MKTP.CD;Mariana;MNP;1323000000;..
PIB (US$ a precios actuales);NY.GDP.MKTP.CD;Noruega;NOR;4,34167E+11;4,03336E+11
PIB (US$ a precios actuales);NY.GDP.MKTP.CD;Omán;OMN;79788768969;76331518669
PIB (US$ a precios actuales);NY.GDP.MKTP.CD;Pakistán;PAK;3,14568E+11;2,78222E+11
PIB (US$ a precios actuales);NY.GDP.MKTP.CD;Palau;PLW;280435700;268354919,4
PIB (US$ a precios actuales);NY.GDP.MKTP.CD;Panamá;PAN;65128200000;66800800000
PIB (US$ a precios actuales);NY.GDP.MKTP.CD;Papua Nueva Guinea;PNG;24109509856;24829107011
PIB (US$ a precios actuales);NY.GDP.MKTP.CD;Paraguay;PRY;40384691791;38145288940
PIB (US$ a precios actuales);NY.GDP.MKTP.CD;Perú;PER;2,22045E+11;2,26848E+11
PIB (US$ a precios actuales);NY.GDP.MKTP.CD;Filipinas;PHL;3,46842E+11;3,76796E+11
PIB (US$ a precios actuales);NY.GDP.MKTP.CD;Polonia;POL;5,87412E+11;5,95858E+11
PIB (US$ a precios actuales);NY.GDP.MKTP.CD;Portugal;PRT;2,42313E+11;2,38785E+11
PIB (US$ a precios actuales);NY.GDP.MKTP.CD;Puerto Rico;PRI;1,0098E+11;1,04989E+11
PIB (US$ a precios actuales);NY.GDP.MKTP.CD;Qatar;QAT;1,83335E+11;1,75838E+11
PIB (US$ a precios actuales);NY.GDP.MKTP.CD;Rumania;ROU;2,41457E+11;2,50077E+11
PIB (US$ a precios actuales);NY.GDP.MKTP.CD;Federación de Rusia;RUS;1,66958E+12;1,69988E+12
PIB (US$ a precios actuales);NY.GDP.MKTP.CD;Rwanda;RWA;9635951160;10354417725
PIB (US$ a precios actuales);NY.GDP.MKTP.CD;Samoa;WSM;821496064,5;852250191
PIB (US$ a precios actuales);NY.GDP.MKTP.CD;San Marino;SMR;1655300873;..
PIB (US$ a precios actuales);NY.GDP.MKTP.CD;Santo Tomé y Príncipe;STP;412261829,6;418637389
PIB (US$ a precios actuales);NY.GDP.MKTP.CD;Arabia Saudita;SAU;7,86522E+11;7,92967E+11
PIB (US$ a precios actuales);NY.GDP.MKTP.CD;Senegal;SEN;23236007428;23578084052
PIB (US$ a precios actuales);NY.GDP.MKTP.CD;Serbia;SRB;50640650221;51475016532
PIB (US$ a precios actuales);NY.GDP.MKTP.CD;Seychelles;SYC;1586009000;1703387387
PIB (US$ a precios actuales);NY.GDP.MKTP.CD;Sierra Leona;SLE;4085114794;4121733705
PIB (US$ a precios actuales);NY.GDP.MKTP.CD;Singapur;SGP;3,73217E+11;3,72063E+11
PIB (US$ a precios actuales);NY.GDP.MKTP.CD;Sint Maarten (Dutch part);SXM;1185474860;..
PIB (US$ a precios actuales);NY.GDP.MKTP.CD;República Eslovaca;SVK;1,05702E+11;1,0508E+11
PIB (US$ a precios actuales);NY.GDP.MKTP.CD;Eslovenia;SVN;54161636035;54174227309
PIB (US$ a precios actuales);NY.GDP.MKTP.CD;Islas Salomón;SLB;1593964162;1589913622
PIB (US$ a precios actuales);NY.GDP.MKTP.CD;Somalia;SOM;4720727278;4942319041
PIB (US$ a precios actuales);NY.GDP.MKTP.CD;Sudáfrica;ZAF;3,68289E+11;3,51432E+11
PIB (US$ a precios actuales);NY.GDP.MKTP.CD;Sudán del Sur;SSD;..;..
PIB (US$ a precios actuales);NY.GDP.MKTP.CD;España;ESP;1,42215E+12;1,39349E+12
PIB (US$ a precios actuales);NY.GDP.MKTP.CD;Sri Lanka;LKA;88425889592;84008783756
PIB (US$ a precios actuales);NY.GDP.MKTP.CD;Saint Kitts y Nevis;KNA;1010822222;1053244444
PIB (US$ a precios actuales);NY.GDP.MKTP.CD;Santa Lucía;LCA;2065875074;2122450630
PIB (US$ a precios actuales);NY.GDP.MKTP.CD;Isla de San Martín (parte francesa);MAF;..;..
PIB (US$ a precios actuales);NY.GDP.MKTP.CD;San Vicente y las Granadinas;VCT;811300000;824718518,5
PIB (US$ a precios actuales);NY.GDP.MKTP.CD;Sudán;SDN;33128480499;30513456085
PIB (US$ a precios actuales);NY.GDP.MKTP.CD;Suriname;SUR;3464656616;3697371950
PIB (US$ a precios actuales);NY.GDP.MKTP.CD;Suecia;SWE;5,55455E+11;5,30884E+11
PIB (US$ a precios actuales);NY.GDP.MKTP.CD;Suiza;CHE;7,05141E+11;7,03082E+11
PIB (US$ a precios actuales);NY.GDP.MKTP.CD;República Árabe Siria;SYR;..;..
PIB (US$ a precios actuales);NY.GDP.MKTP.CD;Tayikistán;TJK;7522947810;8116626794
PIB (US$ a precios actuales);NY.GDP.MKTP.CD;Tanzanía;TZA;58001200572;63177068175
PIB (US$ a precios actuales);NY.GDP.MKTP.CD;Tailandia;THA;5,06514E+11;5,43549E+11
PIB (US$ a precios actuales);NY.GDP.MKTP.CD;Timor-Leste;TLS;1559894900;2017924900
PIB (US$ a precios actuales);NY.GDP.MKTP.CD;Togo;TGO;5364369026;5490272413
PIB (US$ a precios actuales);NY.GDP.MKTP.CD;Tonga;TON;489235527,4;512350059,4
PIB (US$ a precios actuales);NY.GDP.MKTP.CD;Trinidad y Tobago;TTO;23808146748;24269714810
PIB (US$ a precios actuales);NY.GDP.MKTP.CD;Túnez;TUN;39770297329;38796687568
PIB (US$ a precios actuales);NY.GDP.MKTP.CD;Turquía;TUR;7,78382E+11;7,61425E+11
PIB (US$ a precios actuales);NY.GDP.MKTP.CD;Turkmenistán;TKM;40761142857;..
PIB (US$ a precios actuales);NY.GDP.MKTP.CD;Islas Turcas y Caicos;TCA;1113178000;1197415000
PIB (US$ a precios actuales);NY.GDP.MKTP.CD;Tuvalu;TUV;42588164,97;47271463,33
PIB (US$ a precios actuales);NY.GDP.MKTP.CD;Uganda;UGA;32916147253;35165157017
PIB (US$ a precios actuales);NY.GDP.MKTP.CD;Ucrania;UKR;1,30902E+11;1,53781E+11
PIB (US$ a precios actuales);NY.GDP.MKTP.CD;Emiratos Árabes Unidos;ARE;4,22215E+11;4,21142E+11
PIB (US$ a precios actuales);NY.GDP.MKTP.CD;Reino Unido;GBR;2,86067E+12;2,82911E+12
PIB (US$ a precios actuales);NY.GDP.MKTP.CD;Estados Unidos;USA;2,05802E+13;2,14332E+13
PIB (US$ a precios actuales);NY.GDP.MKTP.CD;Uruguay;URY;59596885024;56045912953
PIB (US$ a precios actuales);NY.GDP.MKTP.CD;Uzbekistán;UZB;50392607758;57921286440
PIB (US$ a precios actuales);NY.GDP.MKTP.CD;Vanuatu;VUT;914700508,2;934239973,8
PIB (US$ a precios actuales);NY.GDP.MKTP.CD;Venezuela;VEN;..;..
PIB (US$ a precios actuales);NY.GDP.MKTP.CD;Viet Nam;VNM;2,45214E+11;2,61921E+11
PIB (US$ a precios actuales);NY.GDP.MKTP.CD;Islas Vírgenes (EE.UU.);VIR;..;..
PIB (US$ a precios actuales);NY.GDP.MKTP.CD;Ribera Occidental y Gaza;PSE;16276600000;..
PIB (US$ a precios actuales);NY.GDP.MKTP.CD;Yemen, Rep. del;YEM;23486270352;22581081994
PIB (US$ a precios actuales);NY.GDP.MKTP.CD;Zambia;ZMB;26312140829;23309773923
PIB (US$ a precios actuales);NY.GDP.MKTP.CD;Zimbabwe;ZWE;24311560500;21440758800
;;;;;
;;;;;
;;;;;
Data from Database: Indicadores del desarrollo mundial;;;;;
Last Updated: 04/26/2021;;;;;
